school_number,high_school,middle_school,elementary_school
7691,1,0,0
5273,1,0,0
5091,1,0,0
6839,0,1,0
7570,0,0,1
2407,0,0,1
6398,0,0,1
2402,0,0,1
3242,0,1,0
3241,1,0,0
7707,0,0,1
3229,0,0,1
5075,0,0,1
3232,0,0,1
3234,0,0,1
3226,0,0,1
4910,0,0,1
7824,1,0,0
7825,1,0,0
8471,0,0,1
6661,0,0,1
7858,1,0,0
8364,0,0,1
6001,1,0,0
7607,0,1,0
7608,0,1,0
4922,0,0,1
2129,0,0,1
6002,0,0,1
4921,0,0,1
8085,0,0,1
8086,1,0,0
0,0,0,1
5296,0,0,1
29,1,0,0
7467,0,0,1
4664,1,0,0
8484,0,0,1
8412,0,0,1
2790,0,0,1
2792,0,1,0
2791,0,1,0
2768,0,0,1
8413,1,0,0
2774,0,0,1
2775,0,0,1
2795,1,0,0
8140,0,0,1
2779,0,0,1
2780,0,0,1
2781,0,0,1
2782,0,0,1
6448,0,0,1
2793,0,1,0
4929,0,1,0
2785,0,0,1
2786,0,0,1
2794,1,0,0
7543,1,0,0
913,1,0,0
7986,1,0,0
891,0,0,1
908,0,0,1
895,0,0,1
930,0,0,1
7425,0,0,1
933,0,0,1
7199,0,0,1
8280,0,0,1
902,0,0,1
6555,1,0,0
633,0,1,0
629,0,0,1
661,0,0,1
632,0,0,1
2725,1,0,0
2724,0,0,1
8178,0,1,0
2723,0,0,1
820,1,1,0
5205,0,0,1
8482,0,0,1
8031,1,0,0
7787,0,0,1
2320,1,0,0
6570,0,1,0
0,0,0,1
0,0,0,1
8342,1,0,0
569,0,0,1
6574,0,0,1
5002,0,0,1
6577,0,0,1
7896,0,0,1
7895,0,0,1
7640,1,0,0
8214,1,0,0
8336,1,0,0
8148,1,0,0
958,1,0,0
4918,0,0,1
8220,0,1,0
8219,0,0,1
6221,0,0,1
6222,1,0,0
4165,1,0,0
7098,1,0,0
7721,1,0,0
1367,1,0,0
1365,0,0,1
5216,0,1,0
7323,0,0,1
34,0,0,1
5199,1,0,0
7669,0,1,0
8320,1,0,0
8211,1,0,0
1335,1,0,0
1333,0,0,1
1334,0,0,1
1331,0,0,1
1330,0,0,1
50,1,0,0
6787,0,0,1
37,0,0,1
48,0,0,1
3434,1,0,0
5257,0,1,0
8450,0,0,1
8449,0,0,1
3430,0,0,1
7827,1,0,0
7386,0,1,0
640,1,0,0
8065,0,0,1
7823,0,0,1
6985,0,0,1
0,0,0,1
7545,0,0,1
7021,0,1,0
726,1,0,0
7096,1,0,0
4930,1,0,0
8269,0,1,0
4328,0,0,1
4325,0,0,1
1343,1,0,0
1342,0,1,0
1341,0,0,1
1339,0,0,1
1340,0,0,1
6229,0,0,1
7144,0,1,0
917,1,0,0
914,0,0,1
7750,1,0,0
5211,0,0,1
4675,0,0,1
5116,1,0,0
6451,0,1,0
1006,0,0,1
7030,0,1,0
6896,0,0,1
1008,0,0,1
6788,0,0,1
1594,0,0,1
8434,1,0,0
8433,0,1,0
7987,0,0,1
7988,0,1,0
4188,1,0,0
0,0,0,1
6304,0,0,1
7068,0,0,1
6206,0,0,1
7645,0,1,0
6207,1,0,0
7302,0,0,1
3,1,0,0
6921,0,1,0
1605,1,0,0
6808,0,1,0
6349,0,0,1
1597,0,0,1
8378,0,0,1
4802,0,0,1
7326,0,0,1
55,0,0,1
62,1,0,0
4902,0,0,1
61,0,1,0
7327,0,1,0
60,0,0,1
5063,0,0,1
3464,0,1,0
3436,0,0,1
3453,0,0,1
6722,0,0,1
4956,0,1,0
3456,0,0,1
6723,0,0,1
4957,1,0,0
3458,0,0,1
3449,0,0,1
3459,0,0,1
3442,0,0,1
3465,1,0,0
3443,0,0,1
3454,0,0,1
3455,0,0,1
3463,0,1,0
3462,0,1,0
3452,0,0,1
6633,0,0,1
6634,0,0,1
5286,0,0,1
6975,1,0,0
5267,1,1,0
4181,1,0,0
649,1,0,0
648,0,1,0
650,0,0,1
642,0,0,1
1677,1,0,0
6326,0,1,0
7951,0,0,1
1676,0,0,1
7355,0,0,1
6707,1,0,0
8476,0,0,1
6558,0,1,0
6560,0,0,1
6828,0,0,1
5135,1,0,0
0,0,0,1
1610,0,0,1
1612,1,0,0
1611,0,1,0
1606,0,0,1
1608,0,0,1
4659,0,0,1
3891,1,0,0
5263,0,1,0
8505,0,0,1
6891,0,0,1
4034,1,0,0
7400,0,1,0
8145,1,0,0
6804,0,1,0
6305,0,1,0
6306,1,0,0
6307,0,0,1
762,0,0,1
763,0,0,1
754,0,0,1
755,0,0,1
766,0,0,1
7981,1,0,0
4691,1,0,0
3092,0,1,0
7037,0,0,1
7281,0,0,1
768,0,0,1
6308,1,0,0
8383,0,1,0
7342,0,1,0
70,1,0,0
69,0,0,1
68,0,0,1
1014,1,0,0
7743,0,1,0
1013,0,0,1
1027,0,1,0
8368,0,0,1
8369,0,0,1
8367,0,0,1
8407,0,1,0
1029,1,0,0
5148,0,0,1
2362,1,0,0
6162,1,0,0
5231,0,0,1
6163,0,0,1
2368,0,0,1
8384,0,0,1
4818,1,0,0
2154,0,1,0
0,0,0,1
7670,1,0,0
1030,0,0,1
7477,0,0,1
4195,1,1,0
4333,0,0,1
4340,1,0,0
4339,0,1,0
4336,0,0,1
8494,0,0,1
6690,1,0,0
8344,1,0,0
1148,1,0,0
1150,0,0,1
1134,0,0,1
1138,0,0,1
1142,0,0,1
1184,0,0,1
6999,0,0,1
8497,1,0,0
7221,0,0,1
6939,0,1,0
4203,1,0,0
7347,0,0,1
1199,0,1,0
5212,1,0,0
1299,1,0,0
1298,0,0,1
7509,0,1,0
1682,1,0,0
1678,0,0,1
1680,0,0,1
4211,0,0,1
4217,1,0,0
7217,0,1,0
7216,0,0,1
4938,0,0,1
8397,0,0,1
7764,0,0,1
4937,0,0,1
4214,0,0,1
5303,0,0,1
988,1,0,0
0,0,0,1
8278,1,0,0
4870,0,0,1
2420,1,0,0
7457,0,0,1
0,0,0,1
5109,0,0,1
1692,0,0,1
1694,1,0,0
1689,0,0,1
1691,0,0,1
7011,0,1,0
1683,0,0,1
1690,0,0,1
1686,0,0,1
1687,0,0,1
7010,0,1,0
79,1,0,0
77,0,0,1
78,0,0,1
7315,0,0,1
7112,1,0,0
8345,0,1,0
8472,1,0,0
2797,0,1,0
2798,1,0,0
6593,0,0,1
8222,0,0,1
7271,0,1,0
7274,0,1,0
5007,0,0,1
1040,1,0,0
8200,0,0,1
7726,1,0,0
4683,0,0,1
7796,0,0,1
1044,0,0,1
1081,0,0,1
5133,1,0,0
7790,1,0,0
1043,1,0,0
7435,0,0,1
4852,0,0,1
1048,0,0,1
7653,0,0,1
5307,0,1,0
7520,0,0,1
1047,0,0,1
1041,0,1,0
1057,0,0,1
7654,0,0,1
5306,0,0,1
1042,0,1,0
1131,0,0,1
7715,0,1,0
4678,0,1,0
1132,0,0,1
6646,0,0,1
1208,1,0,0
1202,0,1,0
1205,0,0,1
7201,0,0,1
5390,0,1,0
1619,1,0,0
1744,0,1,0
1746,1,0,0
7820,0,1,0
1745,1,0,0
1812,0,0,1
7306,0,0,1
1777,0,0,1
6783,0,1,0
1791,0,0,1
1782,0,0,1
1781,0,0,1
1795,0,0,1
1778,0,0,1
1779,0,0,1
1811,0,0,1
1780,0,0,1
1742,0,1,0
5320,0,0,1
1817,0,0,1
2248,0,0,1
6252,1,0,0
7734,0,1,0
6010,0,1,0
7476,0,0,1
5118,1,0,0
0,0,0,1
4967,0,0,1
7720,1,0,0
5094,0,0,1
0,0,0,1
8045,1,0,0
8044,1,0,0
8043,0,1,0
8046,0,0,1
6172,0,0,1
4545,1,0,0
4544,0,1,0
4537,0,0,1
4540,0,0,1
4539,0,0,1
7696,0,0,1
5088,0,0,1
7552,1,0,0
8047,0,0,1
2192,0,0,1
8244,0,0,1
2190,0,1,0
6615,0,1,0
2191,1,0,0
4825,0,0,1
6273,0,0,1
2208,0,0,1
2215,0,0,1
6274,0,0,1
2225,0,0,1
8375,0,0,1
8324,0,0,1
2209,0,0,1
2216,0,0,1
2196,0,0,1
7258,0,0,1
4715,1,0,0
7157,0,1,0
6706,1,0,0
7415,0,0,1
94,0,1,0
7445,0,0,1
4234,0,0,1
4235,1,0,0
5250,0,1,0
3250,0,0,1
3260,1,0,0
3257,0,0,1
3256,0,0,1
3252,0,0,1
3255,0,0,1
8258,1,0,0
7514,1,0,0
7539,1,0,0
0,0,0,1
7292,1,0,0
7860,1,0,0
7293,1,0,0
6492,1,0,0
8020,0,0,1
8506,0,0,1
1958,0,0,1
8303,0,0,1
1829,0,0,1
8302,0,0,1
730,0,0,1
729,0,1,0
732,1,0,0
1843,0,0,1
7276,0,1,0
1849,1,0,0
5322,0,0,1
1847,0,0,1
1893,0,0,1
7575,1,0,0
8262,1,0,0
7727,1,0,0
7371,0,0,1
8094,1,1,0
5217,0,0,1
1475,1,0,0
6909,1,0,0
1480,1,0,0
1479,0,0,1
7374,0,0,1
8498,1,0,0
921,1,0,0
8315,0,0,1
6236,1,0,0
5276,0,0,1
1376,0,0,1
5012,1,0,0
8416,1,0,0
1374,0,0,1
1375,0,0,1
8467,0,1,0
1370,0,0,1
7334,0,0,1
7767,0,1,0
2510,0,0,1
6289,0,1,0
6290,1,0,0
2506,0,0,1
5053,0,0,1
7628,1,0,0
0,0,0,1
7143,0,0,1
5077,0,1,0
3261,0,0,1
4711,0,0,1
3333,1,0,0
3332,0,0,1
3411,0,0,1
2515,1,0,0
8502,0,1,0
8501,0,1,0
7056,0,0,1
5178,0,0,1
6122,1,0,0
7450,0,0,1
7774,1,0,0
7510,1,0,0
3977,0,0,1
3978,1,1,0
5213,0,0,1
5136,1,0,0
2517,0,0,1
2532,1,0,0
5113,0,0,1
2531,0,1,0
2522,0,0,1
2521,0,0,1
6268,0,0,1
7822,0,0,1
6267,0,0,1
6898,0,1,0
17,1,0,0
8224,0,0,1
8225,0,1,0
6132,0,0,1
6133,0,0,1
8226,0,1,0
6643,0,0,1
2097,0,0,1
2105,0,1,0
5228,1,0,0
5048,0,0,1
2172,0,0,1
4939,0,0,1
7284,0,0,1
777,1,0,0
7651,0,1,0
5203,0,0,1
6944,0,0,1
8087,1,0,0
4800,1,0,0
6301,0,1,0
6302,0,0,1
2728,0,0,1
2729,0,0,1
7300,0,0,1
1998,1,0,0
1997,0,0,1
7793,0,1,0
8311,0,0,1
3868,0,0,1
3869,1,0,0
1088,0,0,1
5096,1,0,0
7749,1,0,0
1086,0,0,1
7208,0,0,1
4680,0,0,1
8447,0,1,0
7657,0,0,1
7432,0,0,1
6453,0,1,0
1087,0,0,1
5308,0,0,1
1130,0,0,1
8469,0,0,1
4098,1,0,0
6595,0,0,1
5037,0,0,1
1632,1,0,0
1651,0,0,1
1654,1,0,0
1653,0,1,0
1650,0,0,1
1645,0,0,1
7194,0,0,1
5179,0,0,1
8446,0,0,1
2858,0,0,1
5341,0,0,1
7624,1,0,0
7290,0,0,1
5277,0,0,1
1701,1,0,0
6714,0,1,0
1700,0,0,1
5020,0,0,1
1697,0,0,1
1698,0,0,1
4849,0,1,0
1696,0,0,1
1699,0,0,1
1695,0,0,1
8438,0,0,1
6238,0,0,1
1529,1,0,0
2868,0,0,1
5150,0,1,0
2869,1,0,0
7596,1,0,0
8132,0,0,1
6598,0,1,0
4553,1,0,0
4546,0,0,1
4701,0,0,1
4547,0,0,1
4551,0,0,1
4549,0,0,1
4810,1,0,0
8285,0,0,1
7544,0,1,0
8007,0,0,1
3424,0,1,0
3425,1,0,0
8201,0,0,1
4833,0,0,1
7627,0,0,1
5278,0,0,1
8425,1,0,0
511,0,0,1
513,1,0,0
7595,0,1,0
6695,0,0,1
0,0,0,1
7058,0,0,1
7057,0,0,1
7162,0,0,1
5261,1,0,0
3865,0,1,0
3864,0,0,1
7408,0,1,0
7625,0,0,1
3866,0,0,1
4351,0,1,0
4352,1,0,0
6927,0,0,1
7731,0,0,1
4801,1,0,0
7186,0,0,1
6678,0,1,0
1749,0,0,1
7775,1,0,0
2539,1,0,0
8228,0,0,1
7165,1,0,0
7786,0,0,1
8229,0,0,1
4558,1,0,0
8475,0,1,0
4557,0,0,1
7555,0,0,1
4556,0,0,1
1391,0,0,1
7266,0,0,1
1431,0,0,1
7759,1,0,0
1387,1,0,0
7517,0,1,0
8174,0,0,1
5011,0,0,1
6476,0,0,1
7516,0,1,0
8309,1,0,0
1432,0,0,1
7265,0,0,1
7990,0,0,1
6621,0,0,1
6477,0,0,1
7550,1,0,0
2385,0,0,1
1541,0,1,0
6156,1,0,0
6157,0,0,1
1532,0,0,1
6918,0,0,1
6591,0,0,1
8312,1,0,0
7908,0,0,1
8340,1,0,0
8339,0,0,1
3021,0,0,1
3018,0,0,1
6364,1,0,0
3019,0,0,1
2799,0,0,1
2809,1,0,0
7560,0,1,0
2808,0,0,1
2802,0,0,1
7559,0,1,0
2804,0,0,1
5239,0,0,1
4827,0,0,1
8133,0,0,1
5220,0,1,0
1707,1,0,0
1705,0,0,1
4850,0,0,1
7536,0,0,1
8016,0,0,1
7641,1,0,0
6935,1,0,0
3204,0,0,1
7366,0,0,1
7642,0,0,1
3201,0,0,1
7411,0,0,1
3202,0,0,1
4822,1,0,0
2552,0,0,1
2500,0,0,1
7209,0,1,0
2554,1,0,0
4707,0,0,1
6612,0,1,0
2740,1,0,0
8137,0,0,1
6611,0,0,1
2735,0,0,1
6174,0,0,1
4559,0,0,1
4564,1,0,0
7439,0,1,0
6285,0,0,1
4563,0,0,1
4915,0,0,1
3482,1,0,0
8351,0,1,0
3477,0,0,1
3478,0,0,1
3473,0,0,1
5350,0,0,1
8058,0,0,1
5064,0,0,1
8391,1,0,0
136,0,0,1
4804,0,1,0
144,1,0,0
8115,0,0,1
142,0,0,1
139,0,0,1
2555,0,0,1
8190,0,0,1
2561,0,0,1
6862,0,1,0
2562,1,0,0
6417,0,0,1
6418,1,0,0
8166,0,0,1
2675,1,0,0
8167,0,0,1
8165,0,0,1
8028,1,0,0
2564,0,0,1
2568,0,0,1
8458,0,0,1
6712,0,1,0
6293,1,0,0
2563,0,0,1
2570,0,0,1
2003,0,0,1
8419,0,1,0
2004,0,0,1
8417,1,0,0
2001,0,0,1
2009,0,0,1
2011,0,0,1
2021,0,0,1
2013,0,0,1
2016,0,0,1
7515,0,0,1
2018,0,0,1
7035,0,0,1
8420,0,1,0
2025,0,1,0
5045,0,0,1
8163,1,0,0
7665,1,0,0
8216,1,0,0
7564,1,0,0
735,0,0,1
7006,0,0,1
7897,1,0,0
7898,0,1,0
7866,1,0,0
8325,1,0,0
787,1,0,0
788,1,0,0
6731,0,0,1
786,0,0,1
783,0,0,1
7755,0,0,1
6270,0,0,1
6269,1,0,0
7322,0,1,0
7466,0,0,1
6737,1,0,0
2032,0,1,0
6826,0,0,1
7508,0,1,0
2201,1,0,0
7119,0,1,0
5248,1,1,0
4842,0,0,1
7746,1,0,0
1225,1,0,0
1223,0,0,1
7744,1,0,0
791,0,0,1
6311,0,1,0
5023,1,0,0
8057,0,0,1
7857,1,0,0
5016,0,0,1
6840,0,0,1
2246,1,0,0
6160,0,0,1
6159,1,0,0
6701,0,0,1
6161,1,0,0
6420,0,0,1
6419,1,0,0
6899,0,0,1
8382,1,0,0
7187,0,0,1
4242,1,0,0
5328,0,1,0
2037,1,0,0
5226,0,0,1
2036,0,0,1
2035,0,0,1
147,0,1,0
149,0,0,1
156,1,0,0
6780,0,0,1
153,0,0,1
461,0,0,1
4667,0,0,1
4106,1,0,0
4101,0,0,1
6166,0,0,1
5119,0,0,1
7163,0,0,1
7602,0,1,0
4357,0,0,1
4360,1,0,0
8123,0,0,1
7666,1,0,0
6686,0,0,1
2126,1,0,0
7176,0,1,0
8150,1,0,0
8357,0,0,1
8356,0,1,0
6563,1,0,0
591,0,0,1
8346,0,1,0
594,1,0,0
592,0,0,1
7586,1,0,0
7192,1,0,0
6223,0,0,1
7714,0,0,1
6506,0,0,1
7486,0,0,1
1869,1,0,0
7313,0,1,0
161,0,0,1
157,0,0,1
170,1,0,0
8489,0,1,0
5191,0,0,1
165,0,0,1
2038,0,0,1
2040,1,0,0
5225,0,1,0
2039,0,0,1
8176,0,0,1
6271,1,0,0
10,0,1,0
5126,0,0,1
7592,0,0,1
8147,1,0,0
8161,0,0,1
2042,0,0,1
2043,1,0,0
6777,0,1,0
6952,0,0,1
5219,1,0,0
7639,1,0,0
8390,1,0,0
793,0,0,1
794,0,0,1
801,0,1,0
802,1,0,0
6794,0,0,1
8096,0,0,1
1368,0,0,1
7695,0,0,1
1424,1,0,0
1422,0,1,0
6479,0,0,1
1461,0,0,1
6193,0,0,1
5288,0,0,1
8405,0,0,1
1252,0,1,0
8314,0,0,1
1251,1,0,0
4379,0,0,1
6957,1,0,0
4845,1,0,0
4386,0,0,1
4380,0,0,1
7768,0,0,1
8430,0,0,1
5242,1,0,0
8429,1,0,0
7748,1,0,0
2202,0,0,1
5117,0,1,0
7427,0,0,1
2206,1,0,0
5282,0,0,1
7329,0,0,1
4373,1,0,0
4372,0,1,0
5166,0,0,1
5165,0,0,1
8428,0,0,1
3137,1,0,0
7062,0,0,1
6341,1,0,0
7468,0,1,0
8409,0,0,1
6125,1,0,0
7316,0,1,0
3145,1,0,0
8202,0,1,0
6844,0,0,1
5038,0,0,1
6330,1,0,0
6331,0,1,0
808,1,0,0
7447,0,0,1
809,0,0,1
7992,1,0,0
175,0,0,1
5190,1,0,0
179,0,1,0
178,0,0,1
176,0,0,1
2891,1,0,0
7007,0,0,1
8199,0,0,1
2888,0,0,1
8479,0,0,1
4565,0,0,1
4570,0,1,0
4571,1,0,0
4566,0,0,1
4568,0,0,1
7511,0,0,1
2047,0,0,1
2048,1,0,0
7948,1,0,0
2046,0,0,1
5227,0,0,1
7195,0,0,1
8316,1,0,0
8268,0,0,1
8264,0,0,1
8376,0,0,1
8265,0,0,1
1766,0,0,1
6333,1,0,0
7902,1,0,0
8266,0,0,1
7901,0,0,1
8267,0,0,1
7623,0,0,1
7667,0,0,1
5079,0,0,1
8483,0,0,1
3271,0,0,1
3272,1,0,0
6639,0,1,0
3270,0,0,1
1871,0,0,1
1876,0,0,1
1877,0,0,1
1878,0,1,0
1879,1,0,0
1874,0,0,1
1875,0,0,1
5151,1,0,0
7937,0,0,1
7661,0,1,0
6718,0,1,0
8333,1,0,0
7348,1,0,0
7936,0,1,0
6930,0,1,0
8334,0,1,0
8245,0,1,0
7340,0,1,0
7569,0,1,0
4389,0,0,1
7268,0,1,0
4404,1,0,0
4394,0,0,1
5359,0,0,1
7269,0,1,0
4399,0,0,1
7270,0,1,0
4400,0,0,1
5236,1,0,0
5055,1,1,0
2574,0,0,1
2577,0,0,1
2578,1,0,0
6294,0,0,1
7421,0,1,0
7442,0,0,1
2576,0,0,1
2575,0,0,1
3146,0,0,1
8069,0,1,0
3150,1,0,0
3147,0,0,1
182,1,0,0
191,0,0,1
7202,0,1,0
5153,1,0,0
7097,0,0,1
7381,0,0,1
6195,0,0,1
927,1,0,0
5207,1,0,0
6797,1,0,0
2331,1,0,0
8154,1,0,0
672,0,0,1
674,1,0,0
675,1,0,0
671,0,0,1
7280,0,0,1
8209,1,0,0
5333,0,1,0
2305,1,0,0
7525,0,0,1
7620,0,0,1
6606,0,0,1
7542,1,0,0
7683,1,0,0
8361,1,0,0
2314,0,0,1
4964,0,0,1
2321,0,0,1
2322,0,0,1
2324,1,0,0
2325,1,0,0
7032,1,0,0
7765,1,0,0
8371,1,0,0
7557,1,0,0
8394,1,0,0
1881,0,0,1
1885,1,0,0
7643,0,0,1
1883,0,0,1
6508,0,0,1
4847,0,0,1
0,0,0,1
2052,0,0,1
4817,1,0,0
6127,0,0,1
6126,1,0,0
8421,1,0,0
8024,0,0,1
5180,0,0,1
7029,0,0,1
2280,1,1,0
3276,0,0,1
8049,0,0,1
3031,0,0,1
5243,0,0,1
3034,1,0,0
3033,0,1,0
5060,0,0,1
1307,1,0,0
6965,0,0,1
7785,0,0,1
5326,0,0,1
6218,1,0,0
8452,0,0,1
2394,1,0,0
8451,0,0,1
6255,1,0,0
7220,0,1,0
5230,0,0,1
2308,1,0,0
5244,0,0,1
5245,1,0,0
3100,0,1,0
1153,0,0,1
1154,1,0,0
7396,0,0,1
8172,0,0,1
1401,0,0,1
6482,1,0,0
6834,0,1,0
8171,0,0,1
1400,0,0,1
7979,1,0,0
7067,0,0,1
7795,0,1,0
6241,1,0,0
7589,1,0,0
7590,0,1,0
4917,0,0,1
1570,0,0,1
6242,0,0,1
6245,0,0,1
1588,0,0,1
7506,1,0,0
7461,0,0,1
203,0,0,1
5112,1,0,0
7462,0,1,0
204,0,0,1
6694,0,0,1
1486,1,0,0
8358,1,0,0
8431,1,0,0
7776,1,0,0
8499,1,0,0
8477,1,0,0
7191,0,0,1
4431,1,0,0
7189,1,0,0
7190,0,0,1
4516,0,0,1
8277,0,0,1
1177,1,0,0
7718,0,0,1
7460,0,1,0
7717,0,0,1
810,0,0,1
6315,0,1,0
816,1,0,0
6316,0,0,1
7538,1,0,0
7565,1,0,0
4524,0,0,1
4528,1,0,0
7146,0,0,1
6403,0,0,1
6404,1,0,0
2924,1,0,0
7060,0,0,1
2922,0,0,1
2920,0,0,1
8481,1,0,0
3154,0,0,1
2606,0,0,1
7939,0,0,1
2607,1,0,0
6297,0,1,0
5285,0,0,1
5283,0,0,1
5284,0,0,1
2598,0,0,1
7182,0,0,1
2581,0,0,1
2592,0,0,1
2593,0,1,0
5056,0,0,1
2584,0,0,1
2595,0,1,0
2599,0,0,1
2596,0,0,1
7922,0,0,1
6762,0,0,1
2594,0,1,0
2587,0,0,1
2597,0,0,1
2589,0,0,1
2590,0,0,1
2600,0,1,0
2591,0,0,1
0,0,0,1
2146,0,0,1
2163,0,0,1
4700,0,0,1
5146,0,1,0
6600,1,0,0
4820,0,0,1
7001,0,0,1
2680,1,0,0
8432,0,1,0
4940,0,0,1
5156,0,0,1
6616,0,0,1
5337,0,0,1
2754,0,1,0
5155,1,0,0
6894,0,0,1
2746,0,0,1
2743,0,0,1
6579,0,0,1
7923,1,0,0
8393,0,1,0
5338,0,0,1
7681,1,0,0
7634,0,0,1
8130,1,0,0
8439,1,0,0
1315,1,0,0
1314,0,1,0
4807,0,0,1
4665,0,1,0
4084,0,0,1
4085,1,0,0
4081,0,0,1
8486,1,0,0
6940,0,0,1
4442,1,0,0
4440,0,1,0
5361,0,0,1
7675,1,0,0
0,0,0,1
8125,1,0,0
7859,1,0,0
8206,1,0,0
6786,0,0,1
3532,1,0,0
8286,0,1,0
8406,0,0,1
14,1,0,0
13,0,1,0
1747,0,0,1
1752,0,0,1
1775,0,0,1
1776,1,0,0
7414,0,1,0
1774,0,0,1
7844,0,0,1
1797,0,0,1
3293,0,1,0
7597,0,0,1
8500,0,1,0
3286,0,0,1
3291,0,0,1
3296,1,0,0
3295,1,0,0
3287,0,0,1
3288,0,0,1
3289,0,0,1
3294,0,1,0
4960,1,0,0
7212,0,0,1
3297,0,0,1
3036,0,0,1
3037,0,1,0
4828,1,0,0
7149,0,0,1
0,0,0,1
7291,0,0,1
7223,0,0,1
8403,1,0,0
7549,1,0,0
8461,0,0,1
8422,0,0,1
7953,0,1,0
2618,1,0,0
2619,0,0,1
6733,0,0,1
8246,0,0,1
2623,1,0,0
5114,0,1,0
2621,0,0,1
4708,0,0,1
7383,0,0,1
2620,0,0,1
7672,1,0,0
2339,1,0,0
8066,0,0,1
8138,0,0,1
7777,1,0,0
1898,0,0,1
1899,0,0,1
1902,1,0,0
1901,0,1,0
1894,0,0,1
1896,0,0,1
7929,0,0,1
1155,0,0,1
5363,0,1,0
1158,0,0,1
1159,1,0,0
7574,1,0,0
8360,1,0,0
8453,1,0,0
7678,1,0,0
8365,1,0,0
8259,1,0,0
8208,1,0,0
8288,1,0,0
8207,1,0,0
7588,1,0,0
8153,1,0,0
8152,1,0,0
7961,1,0,0
7909,1,0,0
8151,1,0,0
7910,1,0,0
8427,1,0,0
7582,1,0,0
4248,0,0,1
4244,0,0,1
4249,1,0,0
6976,0,1,0
7673,0,0,1
8400,0,0,1
6105,1,0,0
8399,0,0,1
6672,0,0,1
1709,0,0,1
7837,0,0,1
8008,0,0,1
5098,1,0,0
1715,0,1,0
5021,0,0,1
1711,0,0,1
4851,0,0,1
8257,1,0,0
3157,0,0,1
7792,0,1,0
3158,1,0,0
6744,1,0,0
6716,0,0,1
6845,0,0,1
3303,0,0,1
3305,1,0,0
8139,0,0,1
5252,0,0,1
7573,0,0,1
6208,0,0,1
3994,1,0,0
7613,0,1,0
2423,0,0,1
8304,1,0,0
5175,0,0,1
8005,0,0,1
1788,0,0,1
1790,1,0,0
1785,0,1,0
7756,0,0,1
3961,0,0,1
3962,1,0,0
7799,0,1,0
8232,0,0,1
6566,0,1,0
8496,1,0,0
0,0,0,1
8307,0,0,1
6261,0,0,1
8182,0,0,1
8183,0,0,1
7789,0,0,1
8184,0,0,1
8187,1,0,0
8186,1,0,0
8185,0,1,0
3196,0,0,1
7863,0,0,1
6809,0,1,0
4091,1,0,0
6360,0,0,1
2053,0,0,1
2054,0,0,1
4724,0,0,1
5329,0,0,1
4954,0,1,0
8071,1,0,0
2059,0,0,1
7384,0,1,0
2062,0,1,0
1793,0,0,1
6682,0,1,0
1794,1,0,0
7064,0,0,1
1623,1,0,0
5353,0,0,1
6863,0,1,0
3541,1,0,0
3537,0,0,1
4836,0,0,1
6699,0,0,1
6583,1,0,0
7108,0,0,1
8404,1,0,0
2686,1,0,0
6635,0,0,1
4444,0,0,1
7399,0,1,0
6181,1,0,0
6605,0,0,1
1164,1,0,0
6674,0,0,1
7800,1,0,0
3039,0,0,1
3040,1,0,0
0,0,0,1
8177,0,1,0
8418,0,0,1
5017,1,0,0
5343,0,1,0
3044,0,0,1
3042,0,0,1
3045,1,0,0
5354,0,0,1
6421,0,0,1
4044,1,0,0
240,0,0,1
7441,0,0,1
8347,0,0,1
7952,0,0,1
8253,0,1,0
8254,0,1,0
4951,1,0,0
8370,0,0,1
8112,0,0,1
8381,1,0,0
8380,0,0,1
6929,0,0,1
1550,1,0,0
7498,0,0,1
6936,1,0,0
8135,0,0,1
4454,0,0,1
4458,1,0,0
7791,1,0,0
4455,0,0,1
4457,0,0,1
2297,1,0,0
7944,1,0,0
7733,0,0,1
2291,0,0,1
7339,0,0,1
4049,1,0,0
249,0,0,1
251,0,0,1
248,0,0,1
250,0,0,1
7535,0,1,0
246,0,0,1
247,0,0,1
7534,0,1,0
254,1,0,0
245,0,0,1
8006,0,0,1
4919,0,0,1
6610,1,0,0
827,0,1,0
7546,1,0,0
3048,1,0,0
3047,0,0,1
8054,0,0,1
8055,0,0,1
3495,1,0,0
8053,0,0,1
3494,0,1,0
8056,0,0,1
5154,0,0,1
7128,0,0,1
1069,0,0,1
7380,0,1,0
1071,0,0,1
6455,1,0,0
1077,0,1,0
1076,0,1,0
1072,0,0,1
8374,0,0,1
2689,1,0,0
2688,0,0,1
6720,0,0,1
695,1,0,0
694,0,1,0
8319,1,0,0
8284,1,0,0
2704,1,0,0
7164,0,0,1
7762,1,0,0
7649,1,0,0
1084,1,0,0
1082,0,0,1
7561,0,1,0
7830,0,0,1
8321,0,0,1
4466,0,0,1
8322,0,0,1
8323,1,0,0
5260,0,0,1
7930,1,0,0
7931,0,1,0
7566,1,0,0
3263,0,0,1
3265,0,1,0
3321,0,1,0
5080,0,0,1
3318,0,0,1
3408,0,0,1
6729,1,0,0
5253,0,0,1
8313,1,0,0
6998,0,0,1
3320,0,1,0
7364,0,0,1
263,0,0,1
5108,0,1,0
265,0,0,1
6603,0,0,1
266,0,0,1
270,0,1,0
7346,0,0,1
7379,0,1,0
268,0,0,1
8305,1,0,0
269,0,0,1
7151,0,0,1
5139,0,0,1
1489,1,0,0
4946,0,0,1
6145,1,0,0
6144,0,0,1
7360,0,1,0
8142,0,0,1
8052,0,0,1
6106,0,1,0
7101,1,0,0
291,0,0,1
290,0,0,1
4958,1,0,0
7406,0,0,1
6907,0,0,1
7314,0,0,1
4831,0,0,1
5344,0,0,1
3379,0,0,1
3309,0,0,1
3275,0,0,1
4830,0,0,1
5345,1,0,0
3325,0,0,1
3280,0,0,1
3322,0,1,0
3324,0,1,0
3323,0,1,0
7407,0,0,1
3278,0,0,1
8097,0,0,1
8098,0,0,1
2446,1,0,0
8099,0,0,1
5233,0,1,0
7950,0,0,1
3883,1,0,0
4837,0,0,1
7259,0,1,0
3988,1,0,0
7430,0,0,1
5062,0,0,1
3499,0,0,1
3500,0,0,1
3505,1,0,0
5258,0,1,0
5209,0,0,1
964,1,0,0
0,0,0,1
4572,0,0,1
7375,0,0,1
4578,0,1,0
4577,1,0,0
5272,0,0,1
7962,0,0,1
7644,0,0,1
4576,0,0,1
7167,0,0,1
8436,1,0,0
8435,0,1,0
6859,0,0,1
6201,1,0,0
6860,0,1,0
2758,0,0,1
2755,0,0,1
2757,0,0,1
2756,0,0,1
8310,0,1,0
2760,1,0,0
6829,0,1,0
2818,1,0,0
2813,0,0,1
6727,0,0,1
6931,0,0,1
3875,1,0,0
6908,1,0,0
6371,0,0,1
4058,1,0,0
4060,0,0,1
4057,0,0,1
6373,1,0,0
6816,0,0,1
4579,0,0,1
4581,0,0,1
6345,1,0,0
6346,0,1,0
7572,0,0,1
4580,0,0,1
30,0,0,1
6977,0,0,1
53,1,1,0
6353,0,0,1
2958,1,0,0
2955,0,0,1
2956,0,0,1
0,0,0,1
6449,0,0,1
2821,1,0,0
7353,0,1,0
2819,0,0,1
5144,0,0,1
6146,0,1,0
6745,1,0,0
2070,0,0,1
7856,1,0,0
8101,0,0,1
7758,0,0,1
4482,0,1,0
4717,1,0,0
7757,0,0,1
5270,0,0,1
7716,0,0,1
1414,1,0,0
1413,0,0,1
8004,0,0,1
7656,0,0,1
4115,0,0,1
7215,0,1,0
4931,1,0,0
8235,0,0,1
4116,0,0,1
2448,0,0,1
2449,1,0,0
7378,0,0,1
6319,0,1,0
6318,1,0,0
3876,0,0,1
3877,1,0,0
7753,0,1,0
3106,0,0,1
3107,1,0,0
7304,0,0,1
7198,0,0,1
7197,0,0,1
6487,0,0,1
1406,1,0,0
5010,0,1,0
7994,0,0,1
8063,0,0,1
8064,0,0,1
6624,0,0,1
6623,0,0,1
1420,1,0,0
1418,0,0,1
7063,0,0,1
1094,1,0,0
7312,0,1,0
1091,0,0,1
6456,0,0,1
4734,1,0,0
7140,1,0,0
7993,1,0,0
7172,0,0,1
1319,0,0,1
2761,0,0,1
8157,0,0,1
8162,0,0,1
2765,0,1,0
2766,1,0,0
2764,0,0,1
7985,1,0,0
1322,0,0,1
8349,0,0,1
8348,1,0,0
2824,0,0,1
4672,0,0,1
8141,0,0,1
2823,0,0,1
6801,0,0,1
2827,0,0,1
7604,0,1,0
2829,1,0,0
2826,0,0,1
2825,0,0,1
7603,0,1,0
8474,0,0,1
5274,0,0,1
8308,1,0,0
6439,1,0,0
3511,0,0,1
5351,0,1,0
1213,1,0,0
7139,0,0,1
6990,0,1,0
6202,0,0,1
1255,0,0,1
8160,1,0,0
5019,0,1,0
8327,0,0,1
309,1,0,0
7141,0,0,1
2516,0,0,1
2629,0,0,1
2626,0,0,1
2627,0,0,1
7410,0,0,1
2628,0,0,1
5238,0,1,0
2633,1,0,0
2634,0,0,1
1630,0,0,1
1629,1,0,0
6137,0,0,1
6942,1,0,0
7278,0,0,1
6136,1,0,0
1911,0,0,1
1910,0,0,1
5143,0,1,0
1912,0,0,1
5223,0,0,1
1915,1,0,0
1053,0,0,1
1054,0,0,1
1055,0,0,1
1097,0,0,1
4681,0,1,0
1100,1,0,0
7957,0,1,0
1099,0,1,0
1098,0,0,1
1052,0,0,1
7260,0,0,1
7028,0,0,1
2345,1,0,0
1347,0,0,1
1346,0,0,1
6847,0,0,1
6231,1,0,0
7519,0,0,1
7308,0,1,0
4853,0,0,1
1111,0,0,1
7465,0,0,1
1109,0,0,1
1107,0,0,1
1106,0,0,1
1101,0,0,1
4682,1,0,0
1116,0,1,0
1102,0,0,1
1112,0,0,1
1113,0,1,0
7650,1,0,0
7821,1,0,0
7819,1,0,0
8485,1,0,0
7687,1,0,0
6185,0,0,1
6186,0,0,1
4490,0,0,1
4492,0,1,0
6648,1,0,0
6187,0,0,1
7111,0,0,1
6189,0,1,0
7685,1,0,0
8037,0,0,1
2649,1,0,0
6300,0,0,1
2648,0,0,1
7459,0,0,1
3328,1,0,0
3326,0,1,0
7794,0,1,0
7766,0,0,1
7554,0,0,1
3327,0,0,1
7770,1,0,0
7594,0,0,1
7393,0,0,1
5083,1,0,0
8488,0,1,0
4255,0,0,1
7587,1,0,0
7904,0,0,1
7256,0,0,1
5292,0,0,1
3758,0,0,1
6823,0,0,1
7024,0,0,1
3804,0,0,1
3805,0,0,1
8039,0,0,1
3618,0,0,1
6824,0,1,0
8029,0,0,1
3732,0,0,1
3847,0,0,1
5183,0,0,1
3662,0,0,1
3663,0,0,1
7070,1,0,0
3620,0,0,1
3745,0,0,1
3684,0,0,1
6529,0,0,1
3601,0,0,1
8332,0,0,1
7230,0,0,1
7023,1,0,0
7253,0,1,0
3602,0,0,1
7404,0,0,1
3848,1,0,0
3622,0,0,1
6767,0,1,0
3782,0,0,1
3760,0,0,1
7905,1,0,0
6525,0,1,0
7239,0,1,0
5122,0,0,1
5123,0,0,1
6996,0,0,1
3762,0,0,1
3706,0,0,1
7175,0,1,0
4727,0,0,1
3786,0,0,1
3763,0,0,1
3841,1,0,0
3726,0,0,1
5040,0,0,1
3687,0,0,1
3849,1,0,0
3688,0,0,1
3738,0,0,1
3709,0,0,1
3642,0,0,1
7235,0,0,1
7226,0,0,1
3816,1,0,0
3751,0,0,1
7368,0,0,1
3739,0,0,1
6913,0,0,1
3781,0,0,1
3764,0,0,1
3765,0,0,1
3803,0,0,1
3850,1,0,0
3851,1,0,0
7231,0,0,1
6822,0,0,1
3708,0,0,1
3818,1,0,0
7664,0,0,1
3625,0,0,1
3776,0,0,1
3843,1,0,0
3800,0,0,1
4726,0,0,1
5186,0,0,1
5120,0,0,1
5185,0,0,1
7242,0,1,0
6528,0,0,1
5125,0,0,1
3712,0,0,1
5187,0,0,1
7229,0,0,1
3766,0,0,1
3742,0,0,1
3713,0,0,1
3743,0,0,1
3693,0,0,1
7227,0,0,1
8507,0,1,0
5041,0,0,1
3714,0,0,1
7963,0,0,1
3645,0,0,1
3626,0,0,1
5294,0,0,1
8389,0,0,1
7852,1,0,0
7855,0,0,1
8388,1,0,0
7228,0,0,1
6675,1,0,0
3647,0,0,1
3670,0,0,1
7811,1,0,0
3744,0,0,1
6530,0,0,1
3664,0,0,1
3845,1,0,0
3717,0,0,1
4732,0,0,1
4961,0,0,1
3718,0,0,1
6533,0,0,1
7232,0,0,1
3694,0,0,1
3797,0,0,1
7521,0,0,1
3842,0,0,1
3808,0,0,1
3769,0,0,1
3648,0,0,1
3719,0,0,1
6534,0,0,1
3629,0,0,1
5293,0,0,1
3611,0,0,1
3630,0,0,1
3649,0,0,1
7022,0,0,1
3720,0,0,1
3798,0,0,1
3697,0,0,1
3770,0,0,1
4868,0,0,1
3749,0,0,1
6535,0,0,1
7815,1,0,0
7522,0,0,1
3650,0,0,1
8493,0,0,1
3855,1,0,0
8508,1,0,0
3750,0,0,1
6960,0,0,1
7472,0,0,1
3857,1,0,0
7782,1,0,0
6548,0,0,1
7808,0,0,1
3613,0,0,1
7780,1,0,0
3675,0,0,1
7706,0,0,1
8293,0,0,1
3722,0,0,1
3616,0,0,1
8385,0,0,1
8386,0,0,1
7850,0,0,1
3801,0,0,1
5121,0,0,1
3783,0,0,1
6765,0,0,1
7813,1,0,0
3771,0,0,1
3614,0,0,1
8292,0,0,1
3701,0,0,1
8296,0,1,0
3724,0,0,1
3844,1,0,0
3668,0,0,1
6539,0,0,1
3861,0,0,1
7245,0,1,0
7903,0,0,1
7906,0,0,1
8387,0,1,0
3653,0,0,1
3725,0,0,1
3702,0,0,1
3773,0,0,1
3859,1,0,0
3654,0,0,1
3655,0,0,1
7234,0,0,1
3635,0,0,1
4963,0,0,1
3727,0,0,1
7255,1,0,0
3753,0,0,1
7072,1,0,0
3657,0,0,1
3755,0,0,1
8331,0,0,1
8330,0,0,1
8298,0,0,1
8329,0,0,1
8328,0,0,1
8297,0,1,0
8294,0,0,1
8440,1,0,0
3835,0,1,0
7225,0,0,1
6527,1,0,0
7663,0,0,1
3615,0,0,1
5124,0,0,1
3703,0,0,1
3860,1,0,0
3728,0,0,1
6544,0,0,1
5188,0,0,1
7233,0,0,1
7737,1,0,0
8454,1,0,0
7828,1,0,0
7647,1,0,0
6239,0,0,1
1555,0,0,1
1560,1,0,0
8301,0,1,0
1430,0,0,1
8395,0,0,1
1426,1,0,0
1425,0,1,0
8396,0,0,1
4841,0,0,1
3910,1,0,0
5262,0,1,0
3909,0,0,1
7999,0,0,1
7998,0,0,1
315,1,0,0
314,0,1,0
7997,0,0,1
7996,0,0,1
8203,0,0,1
409,1,0,0
7616,0,0,1
7615,0,0,1
7878,0,0,1
7886,0,0,1
7889,0,0,1
7501,0,0,1
6019,0,0,1
6915,1,0,0
7868,0,0,1
8106,0,0,1
326,0,0,1
412,1,0,0
7913,0,0,1
7692,0,0,1
6022,0,0,1
330,0,0,1
6811,0,0,1
6024,0,0,1
8204,0,0,1
6026,0,0,1
400,0,0,1
6028,0,0,1
7880,0,0,1
8255,0,0,1
6042,0,0,1
7870,0,0,1
6044,0,0,1
7871,0,0,1
7881,0,0,1
8108,0,0,1
8110,0,0,1
363,0,0,1
351,0,0,1
365,0,0,1
8105,0,0,1
6047,0,0,1
8300,0,0,1
416,1,0,0
395,0,0,1
6664,0,0,1
7742,0,0,1
379,0,0,1
8107,0,0,1
7693,0,0,1
7888,0,0,1
7916,0,0,1
7362,0,0,1
7039,0,0,1
7884,0,0,1
7876,0,0,1
7694,0,0,1
7877,0,0,1
7885,0,0,1
7502,0,0,1
7730,0,0,1
6385,0,1,0
5058,1,0,0
6622,0,0,1
7434,0,0,1
3210,1,0,0
7660,0,0,1
7183,0,1,0
8354,0,0,1
427,0,0,1
7193,0,0,1
5105,0,1,0
435,1,0,0
7482,0,0,1
8236,0,0,1
3216,1,0,0
8010,1,0,0
7738,1,0,0
7867,1,0,0
7739,0,0,1
8281,0,0,1
3214,0,0,1
7055,0,0,1
3111,1,0,0
7984,0,0,1
1270,1,0,0
3334,0,0,1
6746,0,1,0
3338,1,0,0
3337,0,0,1
3336,0,0,1
3345,0,0,1
3339,0,0,1
3341,0,0,1
3346,0,1,0
3348,1,0,0
3342,0,0,1
3915,0,0,1
5265,0,1,0
3924,1,0,0
8260,1,0,0
7540,1,0,0
8129,1,0,0
7848,1,0,0
8306,1,0,0
7772,1,0,0
7831,1,0,0
7832,1,0,0
8193,1,0,0
8218,1,0,0
8362,1,0,0
8437,0,0,1
6165,1,0,0
6893,0,0,1
2350,1,0,0
6108,0,0,1
6852,0,0,1
448,1,0,0
447,0,1,0
8410,1,0,0
1122,0,0,1
7836,0,0,1
1128,1,0,0
5132,0,0,1
1121,0,0,1
4965,0,1,0
7630,0,0,1
6510,0,0,1
7697,0,0,1
6511,0,1,0
1921,1,0,0
6512,0,0,1
8366,1,0,0
5275,0,0,1
840,0,0,1
8117,0,1,0
844,0,0,1
852,0,0,1
8247,0,0,1
858,0,1,0
5206,0,0,1
856,0,1,0
8116,1,0,0
845,0,0,1
5028,0,0,1
855,0,1,0
8457,0,1,0
5026,0,0,1
7484,0,0,1
5027,0,0,1
832,0,0,1
5025,0,0,1
831,0,0,1
6837,0,0,1
8050,0,0,1
4593,0,0,1
4595,0,0,1
4589,0,0,1
5362,0,0,1
4597,1,0,0
4598,1,0,0
1495,1,0,0
8168,0,0,1
8169,0,0,1
7636,1,0,0
3164,0,0,1
3165,1,0,0
7684,1,0,0
1278,0,0,1
7941,1,0,0
7413,0,0,1
1989,1,0,0
6805,0,1,0
1925,0,0,1
5043,0,0,1
1926,0,0,1
1928,0,0,1
4705,0,0,1
1930,0,0,1
1934,1,0,0
7218,0,1,0
1932,0,0,1
4268,0,0,1
8197,0,0,1
8103,0,1,0
7019,1,0,0
7418,0,0,1
8487,1,0,0
8490,0,1,0
2352,0,0,1
8189,0,0,1
700,1,0,0
8188,0,1,0
5093,0,0,1
6748,0,0,1
2496,1,0,0
0,0,0,1
6928,1,0,0
295,0,0,1
6109,0,0,1
7532,1,0,0
8401,1,0,0
7333,0,0,1
8000,0,0,1
8279,0,1,0
6209,0,0,1
6210,1,0,0
1940,0,0,1
7365,0,0,1
6514,0,0,1
1942,1,0,0
1937,0,0,1
6625,0,1,0
7677,1,0,0
3930,0,1,0
1978,0,0,1
1991,0,0,1
6697,0,0,1
1992,0,1,0
5169,1,0,0
6864,0,0,1
5365,0,1,0
2833,1,0,0
6818,0,0,1
4002,1,0,0
8083,1,0,0
3485,0,0,1
7210,0,1,0
5352,1,0,0
965,1,0,0
6713,0,0,1
7568,1,0,0
7331,0,0,1
3935,0,1,0
5264,1,0,0
0,0,0,1
6587,1,0,0
7066,1,0,0
7429,0,0,1
864,1,0,0
6888,0,1,0
5149,0,0,1
2474,0,0,1
2481,0,0,1
2455,0,0,1
4736,0,0,1
4858,0,0,1
6970,0,0,1
5232,0,0,1
7700,0,0,1
4952,0,0,1
6413,1,0,0
2487,0,0,1
2489,1,0,0
6791,0,0,1
4857,0,0,1
3968,0,0,1
3969,1,0,0
6817,0,1,0
7507,0,0,1
7013,0,0,1
0,0,0,1
1178,0,0,1
1180,0,0,1
7488,0,1,0
4907,0,0,1
7489,0,1,0
1179,0,0,1
5311,0,1,0
8318,1,0,0
8084,1,0,0
6594,0,0,1
4006,1,0,0
4696,0,0,1
5101,0,0,1
4843,0,0,1
458,0,0,1
8001,0,0,1
460,1,0,0
8002,0,1,0
7009,0,0,1
7893,1,0,0
8283,0,0,1
7892,0,1,0
7397,0,0,1
6800,1,0,0
7398,0,1,0
3173,0,0,1
3170,0,0,1
8093,1,0,0
8092,0,1,0
3171,0,0,1
7705,0,0,1
7387,0,1,0
3124,1,0,0
3938,0,0,1
3940,1,0,0
2706,0,0,1
2708,1,0,0
7741,0,0,1
3567,0,0,1
3549,0,0,1
3569,1,0,0
8372,0,1,0
1724,0,0,1
7925,0,0,1
7924,0,0,1
1729,0,1,0
5221,1,0,0
7921,0,0,1
1169,0,0,1
1171,0,0,1
1172,1,0,0
6647,0,1,0
3116,0,0,1
3117,1,0,0
2656,0,0,1
7354,0,0,1
2654,0,0,1
2655,0,0,1
2657,0,1,0
2658,1,0,0
5054,0,1,0
7481,0,0,1
4009,0,0,1
8274,1,0,0
6660,1,0,0
3357,0,0,1
3266,0,0,1
8062,0,1,0
4722,0,1,0
7262,0,0,1
8282,0,0,1
3354,1,0,0
7752,0,0,1
4900,0,0,1
7638,1,0,0
7751,0,0,1
8459,1,0,0
8460,0,1,0
4599,0,0,1
4601,0,0,1
4602,1,0,0
6832,0,0,1
7699,0,1,0
4600,0,0,1
8263,0,0,1
7490,0,1,0
468,0,0,1
470,1,0,0
6328,1,0,0
8402,0,0,1
1730,0,0,1
7611,0,1,0
7527,0,0,1
7682,1,0,0
6906,0,1,0
467,1,0,0
6568,0,0,1
714,1,0,0
6937,0,1,0
4603,0,0,1
6641,0,1,0
4605,0,0,1
4606,0,0,1
4608,1,0,0
4607,0,0,1
3054,0,0,1
7719,0,0,1
3056,1,0,0
6516,1,0,0
1861,0,0,1
6505,0,0,1
6501,0,0,1
1943,0,0,1
7946,1,0,0
2271,0,0,1
2284,1,0,0
6900,0,0,1
1627,1,0,0
7668,0,1,0
7391,0,0,1
2253,1,0,0
2309,0,0,1
2310,0,0,1
2313,1,1,0
2312,0,0,1
8072,0,0,1
8073,0,0,1
8075,0,0,1
4808,0,1,0
2839,1,0,0
4070,0,0,1
4062,0,0,1
4064,1,0,0
4068,1,0,0
4839,0,0,1
4613,0,0,1
7556,0,0,1
6692,0,0,1
6286,0,1,0
4614,1,0,0
6932,0,0,1
8102,0,1,0
7978,1,0,0
6191,1,0,0
7960,1,0,0
7648,1,0,0
941,1,0,0
936,0,0,1
8076,0,0,1
5130,0,1,0
4617,0,0,1
4620,0,0,1
4623,1,0,0
4622,0,0,1
6725,0,1,0
4618,0,0,1
1949,0,1,0
6518,0,0,1
6519,0,0,1
1950,1,0,0
8134,1,0,0
3368,0,0,1
3370,0,0,1
3376,1,0,0
3375,0,1,0
7321,0,0,1
7940,0,0,1
3358,0,0,1
4809,0,0,1
3364,0,0,1
7458,0,0,1
3365,0,0,1
7817,0,1,0
7818,0,1,0
3367,1,0,0
7763,0,0,1
1354,0,0,1
1356,0,0,1
1350,0,0,1
7735,0,0,1
1358,0,0,1
7426,0,1,0
6233,0,0,1
6234,0,1,0
1359,0,0,1
1357,0,0,1
1364,1,0,0
6113,1,0,0
193,0,0,1
259,0,0,1
260,0,1,0
196,1,0,0
1799,0,0,1
1801,1,0,0
8158,1,0,0
477,1,0,0
7505,0,0,1
8377,0,0,1
7123,0,0,1
3221,0,0,1
6683,0,0,1
8355,0,0,1
3224,1,0,0
7593,1,0,0
7839,0,1,0
7635,1,0,0
8180,0,0,1
4030,1,0,0
5355,0,0,1
6885,0,0,1
4054,1,0,0
7106,0,0,1
4945,0,0,1
1806,1,0,0
1805,0,1,0
1802,0,0,1
6608,0,0,1
3589,1,0,0
7367,0,1,0
7551,1,0,0
8126,1,0,0
7662,0,1,0
5070,1,0,0
7031,0,0,1
3948,0,0,1
8359,1,0,0
7846,1,0,0
8252,1,0,0
7833,1,0,0
7363,0,0,1
1666,0,0,1
1663,0,0,1
6168,0,0,1
7601,0,1,0
1668,1,0,0
4811,0,0,1
7862,0,0,1
5208,1,0,0
4690,0,0,1
1423,1,0,0
1434,0,0,1
1439,0,0,1
1440,0,0,1
1421,0,1,0
1438,0,0,1
4689,0,1,0
4276,0,0,1
6638,0,1,0
7402,0,0,1
6012,1,0,0
7424,0,0,1
7388,0,0,1
3955,0,0,1
3954,0,0,1
3957,1,0,0
1000,1,0,0
8192,0,0,1
996,0,0,1
6321,0,0,1
6322,0,0,1
4670,1,0,0
8445,0,0,1
8443,0,0,1
5271,1,0,0
8444,0,0,1
6215,0,0,1
6216,1,0,0
0,0,0,1
6280,1,0,0
6281,0,1,0
6282,0,0,1
2221,0,0,1
2222,0,0,1
2226,0,0,1
752,0,0,1
753,1,0,0
8411,0,1,0
872,0,0,1
868,0,0,1
5029,0,0,1
873,1,0,0
7328,0,1,0
7614,0,0,1
949,1,0,0
7518,0,1,0
2712,1,0,0
7083,0,1,0
2709,0,0,1
6795,0,0,1
2075,1,0,0
7289,0,1,0
8473,0,0,1
1501,1,0,0
6933,0,0,1
2182,0,0,1
6007,0,0,1
7933,0,0,1
7934,0,1,0
2137,0,0,1
2139,0,0,1
2184,1,0,0
2185,0,0,1
1441,0,0,1
6719,0,1,0
7214,0,0,1
7736,0,0,1
1442,0,0,1
1443,1,0,0
6680,0,0,1
2358,1,0,0
8287,1,0,0
8195,1,0,0
8251,1,0,0
7580,1,0,0
8196,1,0,0
7938,0,0,1
21,1,0,0
8480,0,0,1
7437,0,1,0
4699,0,0,1
1959,0,0,1
1970,0,1,0
1960,0,0,1
7943,0,0,1
1971,0,1,0
1964,0,0,1
1965,0,0,1
1966,0,0,1
7359,0,0,1
1968,0,0,1
7480,0,0,1
1972,1,0,0
7845,0,0,1
1969,0,0,1
7263,0,0,1
6340,1,0,0
6339,0,1,0
3385,0,0,1
5251,0,0,1
3382,0,0,1
7652,0,0,1
4943,0,1,0
5078,1,0,0
6468,0,0,1
4832,0,0,1
3389,0,0,1
8426,0,0,1
3391,0,0,1
3395,1,0,0
3394,0,1,0
8492,0,0,1
3401,1,0,0
5249,0,1,0
7073,0,0,1
7264,0,0,1
8468,1,0,0
5081,1,0,0
3406,0,1,0
5195,0,0,1
5196,0,1,0
490,0,0,1
491,0,1,0
4859,0,0,1
492,1,0,0
7563,1,0,0
7562,1,0,0
8194,1,0,0
4126,1,0,0
7920,0,0,1
6776,0,0,1
6775,1,0,0
7487,0,0,1
7283,0,1,0
5162,1,0,0
8128,1,0,0
8338,1,0,0
4310,1,0,0
6956,0,1,0
7169,0,0,1
7417,0,0,1
4305,0,0,1
1905,0,0,1
5287,1,0,0
1908,0,1,0
1952,0,0,1
1906,0,0,1
5356,0,0,1
4148,0,1,0
8335,0,0,1
4143,1,0,0
8290,0,0,1
4146,1,0,0
7843,0,0,1
4149,1,0,0
4133,0,0,1
4135,1,1,0
8373,0,0,1
5103,1,0,0
3575,0,1,0
2661,0,0,1
7420,0,0,1
4823,0,0,1
2660,0,0,1
5336,0,1,0
2663,1,0,0
4286,1,0,0
6912,0,0,1
7456,0,0,1
6148,1,0,0
7475,0,0,1
6654,0,1,0
6424,0,0,1
4295,1,0,0
7446,0,0,1
6425,0,0,1
4291,0,0,1
6865,0,1,0
2233,0,0,1
2234,0,0,1
2238,0,0,1
5330,0,0,1
8408,0,1,0
2243,1,0,0
6446,0,0,1
6838,0,1,0
1327,1,0,0
4075,0,0,1
5095,0,0,1
4079,0,1,0
4080,1,0,0
7760,0,0,1
5366,0,0,1
6895,0,1,0
509,1,0,0
5367,0,0,1
6599,0,0,1
1566,1,0,0
8456,0,1,0
1452,0,1,0
1392,0,0,1
1395,0,0,1
1456,0,0,1
1454,0,0,1
4812,0,0,1
8491,0,0,1
6910,0,0,1
5137,0,1,0
1457,0,0,1
4813,0,0,1
7324,0,0,1
1451,0,1,0
7894,1,0,0
6734,1,0,0
1453,1,0,0
1458,0,0,1
8353,0,0,1
8442,1,0,0
516,0,0,1
7382,0,0,1
519,0,0,1
4867,0,1,0
523,1,0,0
6803,0,0,1
7307,0,0,1
6129,1,0,0
528,0,0,1
8455,0,0,1
536,1,0,0
535,0,1,0
7548,1,0,0
6344,0,0,1
3594,0,0,1
4920,0,0,1
3597,0,1,0
3596,1,0,0
7722,0,0,1
1741,0,1,0
1732,1,0,0
7395,0,1,0
4588,0,0,1
4583,0,0,1
1736,0,0,1
1716,0,0,1
8276,0,1,0
4585,0,0,1
4704,1,0,0
7332,0,0,1
1738,0,0,1
1734,0,0,1
5059,0,0,1
4625,0,0,1
4629,0,0,1
8350,0,0,1
6705,1,0,0
7286,0,1,0
6609,0,0,1
715,0,0,1
719,1,0,0
4959,0,0,1
8173,0,0,1
6704,1,0,0
7341,0,1,0
4311,0,0,1
8392,1,0,0
1290,0,0,1
8379,1,0,0
0,0,0,1
6983,0,0,1
6841,0,0,1
2848,1,0,0
5241,0,1,0
8048,0,0,1
6632,0,0,1
5152,0,0,1
2995,0,0,1
6924,0,0,1
3008,0,1,0
6923,0,0,1
7492,0,0,1
7497,0,1,0
8495,1,0,0
8448,0,0,1
8503,0,0,1
5106,0,0,1
553,0,0,1
6509,0,0,1
1887,0,0,1
7385,0,0,1
1856,0,0,1
1890,0,0,1
7020,0,0,1
8504,0,0,1
8231,1,0,0
7918,0,1,0
1974,0,0,1
8018,0,0,1
7357,0,0,1
3914,1,0,0
950,0,0,1
951,1,0,0
3057,0,0,1
3073,0,0,1
6367,0,0,1
3058,0,0,1
6861,0,0,1
8273,0,1,0
6368,1,0,0
6963,0,0,1
2721,1,0,0
7352,0,1,0
3516,0,0,1
3520,0,0,1
3522,1,0,0
6785,0,0,1
7053,0,0,1
6773,0,0,1
8234,0,0,1
8233,0,0,1
7436,0,0,1
883,0,0,1
6980,1,0,0
6982,0,1,0
6981,0,1,0
4026,1,0,0
7145,0,1,0
7500,0,0,1
7724,1,0,0
6470,0,0,1
7491,0,0,1
6835,0,0,1
3414,0,0,1
3245,0,1,0
3247,1,0,0
8466,0,0,1
8088,0,0,1
8465,0,0,1
8090,0,0,1
107,1,0,0
8175,0,0,1
1005,1,0,0
7273,0,0,1
2875,0,0,1
2874,0,0,1
6390,0,0,1
6392,0,0,1
2878,0,0,1
8243,0,0,1
2918,0,0,1
6986,0,1,0
6391,1,0,0
885,0,0,1
887,1,0,0
886,0,0,1
8131,1,0,0
8237,0,0,1
8238,0,0,1
8398,0,0,1
8239,0,0,1
8240,0,0,1
8291,0,0,1
8241,0,0,1
8242,0,0,1
4647,1,0,0
5168,0,0,1
4648,0,0,1
6688,0,0,1
4653,0,0,1
4657,0,1,0
4658,1,0,0
8179,0,0,1
4512,0,0,1
4507,0,0,1
8003,0,0,1
4508,0,1,0
4735,1,0,0
7584,1,0,0
7841,1,0,0
8337,1,0,0
8156,0,0,1
7513,1,0,0
7148,0,0,1
7154,0,0,1